TrueLabel,CategoryName,ImageId
306,dung beetle,0c7ac4a8c9dfa802
884,vase,f43fbfe8a9ea876c
244,bull mastiff,4fc263d35a3ad3ee
560,folding chair,cc13c2bc5cdd1f44
439,beaker,73a52afd2f818ed5
991,"buckeye, horse chestnut, conker",58f0fd17c4a0e25a
950,strawberry,90e11aa7c36c64f2
854,"thatch, thatched roof",696f0f6bea562bf8
610,"jeep, landrover",df58f94361c6d105
610,"jeep, landrover",1394faa319bd353c
583,"grocery store, grocery, food market, market",6cae4a23623d142b
916,yurt,d02adcb9140880a1
456,bottlecap,71080285ad6cb4e9
620,"lampshade, lamp shade",137ab6ca314e9e35
962,dough,c819099fed6f0d73
542,"drum, membranophone, tympan",4b384c8247b56c0a
631,Loafer,62ebd5f7ce015380
742,"prayer rug, prayer mat",f24817d66024dfb6
423,barbell,1b57d7bbd673c771
456,bottlecap,a2de1f4f2c1021fa
708,"pay-phone, pay-station",3e7b01ba495f15f9
855,"theater curtain, theatre curtain",1a264165276e3c85
923,menu,bc9a5e01c02e759e
472,cannon,01bdc0cfe670f708
130,spoonbill,6af829a442e2e0e7
538,"dogsled, dog sled, dog sleigh",493694833dc23399
673,mountain tent,6ac94c9244f84aa3
477,"carousel, carrousel, merry-go-round, roundabout, whirligig",7529b42e71769777
300,"meerkat, mierkat",d204464fcf15ad99
100,goose,7fd7ce3eb2bf9944
477,"carousel, carrousel, merry-go-round, roundabout, whirligig",303781188f1b3b27
252,"dalmatian, coach dog, carriage dog",67967c9db11151e0
521,"crib, cot",fa2a7d600b62174e
924,plate,cd2d2889ef7ac51c
23,"bald eagle, American eagle, Haliaeetus leucocephalus",11954d93a7051cb5
664,monastery,03f90f7138f761e8
761,"refrigerator, icebox",19935b1c0a4d305d
583,"grocery store, grocery, food market, market",9cf861a657c27cec
673,mountain tent,05817a675e7506d1
693,packet,e1c702ed9842dd1c
526,"dam, dike, dyke",e7cafac174e90143
932,"bagel, beigel",1a680f33500acb4b
318,leafhopper,81ddbe14219e9dcf
465,buckle,04cb9de291399d15
479,carton,23f9d18d531eb148
668,mortarboard,63f2e14ab6be82cf
962,dough,0dffbfa7ba43cb90
866,toyshop,a97274c7e80a1764
806,soccer ball,85e2eea48d912d31
325,cabbage butterfly,ff5182599937c1ec
34,"loggerhead, loggerhead turtle, Caretta caretta",4bb12984b41d0834
923,menu,150249123e81930d
143,dowitcher,f963957ccfa82f6b
313,cricket,890fdaf4e1892e00
303,"ground beetle, carabid beetle",9a1c67f467b9beea
583,"grocery store, grocery, food market, market",217597258ac12258
949,Granny Smith,346c5575b60194c3
361,otter,296033c3a5910845
790,shoji,3a7d9bd310202e93
441,beer bottle,56e9d5f63cfc507e
747,"puck, hockey puck",602f2c3749d6021e
765,rifle,7c754696067fdfa9
950,strawberry,8f5eda0b6a910b43
481,"cash machine, cash dispenser, automated teller machine, automatic teller machine, automated teller, automatic teller, ATM",89119361e9d9e02d
134,bittern,da63f2acf683c0a7
793,shovel,741fc1a3fc08731d
901,water tower,d77af00930283f4b
734,pole,97151fe7a0a6e2e3
328,"starfish, sea star",393d40f3a6a79400
468,"butcher shop, meat market",8f5e0855ca8de8ea
442,beer glass,d72f34526e12fd83
883,"vacuum, vacuum cleaner",957529a2abaa0581
921,"traffic light, traffic signal, stoplight",3bd1ba0432603b28
840,suspension bridge,3228a465697fb2cf
956,"jackfruit, jak, jack",871c99d5658c3189
556,"fire engine, fire truck",1733cbc68a2ae05d
520,crate,69a3493d13953e1f
511,"container ship, containership, container vessel",8a82ddd7ab76efbb
889,viaduct,e95ef0aeeab7b496
991,"buckeye, horse chestnut, conker",8555611998ea426a
431,basketball,1cc2caf8e5db27c3
431,basketball,a00c8d22e63497c4
397,lionfish,4f553b721705d008
98,drake,f1ce339a44d7a118
645,matchstick,2153d9869fb5a9ef
79,tick,7506caf0a49c3951
141,"red-backed sandpiper, dunlin, Erolia alpina",1d4133f5bc7af193
363,badger,fd26c4733822dfcc
706,"passenger car, coach, carriage",60f5900a00d94b25
660,mixing bowl,79f953be91aa8ce2
641,manhole cover,d9da4e5ef53d5e8b
968,espresso,0411ca972e637297
490,chainlink fence,92dbb18dd447fd75
938,broccoli,65251969959ce0e6
992,coral fungus,b76e552d4b3ec0c3
888,vestment,828ade8df2d14c45
604,"horse cart, horse-cart",3dc0e8f854bdc9b3
468,"butcher shop, meat market",6bb6cf032c1286c5
499,"cinema, movie theater, movie theatre, movie house, picture palace",2e9b377877f64b3d
880,umbrella,2842a69bf5b14526
808,"solar dish, solar collector, solar furnace",a74f197288b10a0d
709,"pedestal, plinth, footstall",7a85f42383ec2f81
968,espresso,55e85d7b58024966
473,canoe,d6d192c5786f29f5
288,"lynx, catamount",f533740a8d4618ce
854,"thatch, thatched roof",5292f5b36a0789fa
972,bubble,ba4b978112a20be1
806,soccer ball,3692f6967c632fee
720,"piggy bank, penny bank",fae551840c1690fa
855,"theater curtain, theatre curtain",8020698d79dc39f2
808,"solar dish, solar collector, solar furnace",d392f0639c17f396
472,cannon,8f97e3fface13e4d
947,cardoon,a920691cf2d50f79
891,volleyball,a482985ca1e77960
573,goblet,362e4ac62cf888f4
884,vase,694e7617a4878041
477,"carousel, carrousel, merry-go-round, roundabout, whirligig",fa5484e61e455eb2
582,"grille, radiator grille",ab42aa5e9745c214
604,"horse cart, horse-cart",e6e677a28e3bd6d7
24,vulture,2e541180b2323a5d
968,espresso,01f824264783f58d
312,"grasshopper, hopper",335e604bbe3eec78
874,triumphal arch,4e1bdcb677f21fb4
583,"grocery store, grocery, food market, market",c6b5f6c1d79dffc6
17,bulbul,8f9c1e4fd9f4cb2e
673,mountain tent,f54616f2af588fd8
781,schooner,f20911d36a287dce
490,chainlink fence,81a7637c67f4f777
686,"odometer, hodometer, mileometer, milometer",65c1808390bd18c5
367,"gorilla, Gorilla gorilla",e570258f1bef4ade
488,"cellular telephone, cellular phone, cellphone, cell, mobile phone",58bbaa0c5ab520d5
747,"puck, hockey puck",556d8b457b94c285
600,honeycomb,38546e7d7136c2ab
913,"worm fence, snake fence, snake-rail fence, Virginia fence",9876fe92d003c9d4
951,orange,8df3dc0c3fef1824
844,swing,938ada2f2bfa2b68
615,kimono,61131df39f19a4a0
349,"ram, tup",7278c2b63080f08c
324,"monarch, monarch butterfly, milkweed butterfly, Danaus plexippus",f734e87286835196
354,gazelle,06a0e36c443746b5
22,kite,d7d8fc1442a82a8e
85,peacock,f9937696f421f4e4
438,"beacon, lighthouse, beacon light, pharos",9429f0d1ad2283df
947,cardoon,7524a7ef9de8edc3
747,"puck, hockey puck",c98a8640dcfaa5e0
647,"maze, labyrinth",d34c51d7523e9c0f
545,Dutch oven,24726d9054e9d78f
470,"caldron, cauldron",66aa56675136bbab
598,holster,a8fe76c687b00e33
82,ptarmigan,411c5d79017077f4
735,"police van, police wagon, paddy wagon, patrol wagon, wagon, black Maria",bb6fcb4a52b4fc0f
720,"piggy bank, penny bank",84640859ee739095
52,triceratops,6d2d82bc1ba0a956
294,"cheetah, chetah, Acinonyx jubatus",3e1e47f5af2a3f16
898,"washer, automatic washer, washing machine",1ac44ddb6a2d497a
417,"balance beam, beam",7a291389e67a8a07
545,Dutch oven,afa0f88aaab03427
416,"bakery, bakeshop, bakehouse",1e26772fc8c493bb
815,speedboat,4d1237ccbd9a5b4b
296,"American black bear, black bear, Ursus americanus, Euarctos americanus",c3f452167c39302f
830,"streetcar, tram, tramcar, trolley, trolley car",6841e385fe79177f
760,reflex camera,b48febf2b989205b
972,bubble,baeb1300832574aa
307,rhinoceros beetle,7b6cc934fda859fa
638,"mailbox, letter box",39f82c728c956125
472,cannon,c8231978dc765004
95,hummingbird,823f8eae0df2d5c1
18,jay,038fd7a750733bb5
985,rapeseed,6d6078c60e59e9f4
709,"pedestal, plinth, footstall",1f71668ab3dbe81b
864,totem pole,70b3b833463d20b9
392,"coho, cohoe, coho salmon, blue jack, silver salmon, Oncorhynchus kisutch",dd4d033a9a45552d
532,digital watch,8800cff23fade16a
384,"Madagascar cat, ring-tailed lemur, Lemur catta",af2ac1705dc19a5f
418,balloon,87937b805302f958
443,"bell cote, bell cot",f33087679c5e7799
39,banded gecko,6374e7e35ad90f50
859,tile roof,92c73d668e2cd3ce
717,"picket fence, paling",e8d5809ee6888f8f
100,goose,45da32a1cf073a4f
547,electric guitar,fe94909a2fad4ffe
138,"American coot, marsh hen, mud hen, water hen, Fulica americana",00c3cd597f1ee96f
981,volcano,a5949b0719d3ea77
518,crane,d7984e6e1a51b3c4
323,"ringlet, ringlet butterfly",979757e16b67ac7e
766,"rocking chair, rocker",60ab0fb53634bc3c
633,"loudspeaker, speaker, speaker unit, loudspeaker system, speaker system",ad333e5d6953cbbf
638,"mailbox, letter box",2b7e6f0d6f73fa1f
596,"harvester, reaper",4063377442ea93d3
755,"radio, wireless",60ed157b21d49c4c
806,soccer ball,8f07c92f0af97807
874,triumphal arch,d67b326ef48bb7b7
981,volcano,9f3afb58c061c290
476,car mirror,1f7c25207bc3e303
456,bottlecap,70d812d368e3e828
443,"bell cote, bell cot",e19a59ad09d18497
735,"police van, police wagon, paddy wagon, patrol wagon, wagon, black Maria",dde33b51c8c152d2
880,umbrella,a33af1b9f8b8a81b
410,analog clock,1c924877ccc60129
702,"parachute, chute",74dbbe535861d709
686,"odometer, hodometer, mileometer, milometer",858ec91996beb034
706,"passenger car, coach, carriage",e5cf220f8144c192
769,rugby ball,34a39905ce228160
522,Crock Pot,9455bd672cb9e4bd
641,manhole cover,9c509bfb75167fb0
664,monastery,37e7dc99bf2704c7
721,pill bottle,f2bfa7a95e787fe1
760,reflex camera,0f9d8c86a9f38020
536,"disk brake, disc brake",ce05236afebb173d
583,"grocery store, grocery, food market, market",12fb008451be82d4
608,jack-o'-lantern,1a7425e8f990e04a
860,toaster,1ba816dc6937b62d
533,"dining table, board",a92e49d8bbdc2aae
114,snail,0e0f1fd2ed183781
696,padlock,c83cfca4bc9dd3c7
566,freight car,172f992e1a0ebbc3
555,fireboat,565c67fd230f18cc
352,hartebeest,b8596bba57a73794
312,"grasshopper, hopper",d94940216544b2c5
9,hen,9f55ac35ce9703e5
386,"Indian elephant, Elephas maximus",55323ce1ff485412
571,"gasmask, respirator, gas helmet",526f322d78bd5b44
481,"cash machine, cash dispenser, automated teller machine, automatic teller machine, automated teller, automatic teller, ATM",229fbe790098d2e5
734,pole,e0c0f412d78571dc
325,cabbage butterfly,d12aad0d18252b40
898,"washer, automatic washer, washing machine",22712d0324d43ef2
739,"pot, flowerpot",3201d10ec4dca056
402,"accordion, piano accordion, squeeze box",62c7958e7cd80cca
815,speedboat,12cf4de43c70273e
254,basenji,56dbd7d814ef5c58
752,"racer, race car, racing car",e91abe0f1a7a30f4
341,zebra,641d03527848417f
305,"leaf beetle, chrysomelid",de282cea97167923
983,"groom, bridegroom",088560551b91ceb0
143,dowitcher,a70b1cda0776cba6
281,"grey fox, gray fox, Urocyon cinereoargenteus",c036b20afde859b7
547,electric guitar,5d6c4759c26bae8c
100,goose,3eded0a8d5f16059
324,"monarch, monarch butterfly, milkweed butterfly, Danaus plexippus",9db1070b1b9f03d2
536,"disk brake, disc brake",e3c3f8889ac99aec
666,moped,d6d42f8a1f6b4460
430,baseball,517dc655edeaf344
894,"wallet, billfold, notecase, pocketbook",10db986bad48a9d5
966,burrito,17cfccd62451a233
512,convertible,212476b1b58a0cfe
145,pelican,919a6f1d23c6d05e
735,"police van, police wagon, paddy wagon, patrol wagon, wagon, black Maria",da4f4d6944d93ae0
514,"cornet, horn, trumpet, trump",1461ed9402248ddc
664,monastery,f0dcd519b5499d48
767,rotisserie,9a5913e0fb6d0866
541,"drilling platform, offshore rig",cfab8f880da31ad8
991,"buckeye, horse chestnut, conker",17df043d369008f5
750,"quill, quill pen",95d6a4087f394d8b
719,pier,0be391239ccba0f2
842,sweatshirt,8d68931ba23fdeb7
859,tile roof,6bff4ecb94f1f84e
472,cannon,96fcb76927274db6
2,"goldfish, Carassius auratus",4de063bd5b838f11
880,umbrella,55b85f4336d9603a
302,"ladybug, ladybeetle, lady beetle, ladybird, ladybird beetle",f6437ed4f1b8fe23
426,barn,a90d9627e2145090
788,"shield, buckler",f4bde5facfdca0c6
934,cheeseburger,803450d936b35ebb
913,"worm fence, snake fence, snake-rail fence, Virginia fence",fff35cdcce3cde43
625,library,b58e8d136aff5a50
312,"grasshopper, hopper",76d7e2d1bf3a31fe
326,"sulphur butterfly, sulfur butterfly",a777db736ecdfb65
990,"hip, rose hip, rosehip",f1a6fdadaa132225
709,"pedestal, plinth, footstall",6bea02f26beef50d
558,"flagpole, flagstaff",7b6a9bf5b175e3b2
990,"hip, rose hip, rosehip",7c249a944594a62e
718,"pickup, pickup truck",5c2d823a4d30e3d5
390,"barracouta, snoek",fc94d8ed9eca8c51
848,"tank, army tank, armored combat vehicle, armoured combat vehicle",73728c249317ccb9
561,football helmet,0b1d45bd9ab1064e
901,water tower,4b52fd42977215b9
323,"ringlet, ringlet butterfly",c27e3bde18fba21b
318,leafhopper,5dbfff56258cf9e6
547,electric guitar,c47ca11294a9aefe
859,tile roof,97917829607b6189
854,"thatch, thatched roof",d386396825739960
304,"long-horned beetle, longicorn, longicorn beetle",44fa09bc5f8e69a5
434,"bathing cap, swimming cap",70db5a1689f89129
668,mortarboard,89d60f53d478c4f7
764,"revolver, six-gun, six-shooter",d531a31add433f46
680,necklace,4d0c0f35a0c00bdc
848,"tank, army tank, armored combat vehicle, armoured combat vehicle",33197fa6ae88508a
58,"garter snake, grass snake",78059d1afd7b9fea
145,pelican,542c07e8bf8e283c
591,"hand-held computer, hand-held microcomputer",e8c99e0220ab46d2
566,freight car,c755f3b0f89028fc
964,"pizza, pizza pie",76db169867bf2e9d
327,"lycaenid, lycaenid butterfly",784232355d49601b
831,stretcher,e99ceff3e420ef95
476,car mirror,23955512cd0e1191
323,"ringlet, ringlet butterfly",d6eac6858474111c
321,damselfly,8d90c523b27410a7
630,"lipstick, lip rouge",5cf72b48fdf5e419
974,coral reef,228fec6cab5f560d
324,"monarch, monarch butterfly, milkweed butterfly, Danaus plexippus",e7b61bec5e4ca40e
618,"lab coat, laboratory coat",d3551db0b83c8fc0
830,"streetcar, tram, tramcar, trolley, trolley car",c7d0c73d636300f5
472,cannon,61ed2594a0524631
418,balloon,89f48bcf97aa6600
499,"cinema, movie theater, movie theatre, movie house, picture palace",ed786d792c4309a4
455,"bookshop, bookstore, bookstall",9fe19d5c6dab83a3
886,velvet,d5d5f843f100328c
345,"hippopotamus, hippo, river horse, Hippopotamus amphibius",789417c091011f53
888,vestment,e648427e38e80ff8
776,sarong,1478a0fc99a988db
305,"leaf beetle, chrysomelid",e758de2cbb3d10a0
696,padlock,8af30e5c3fa48a08
960,carbonara,38287d2e5a4a9a57
706,"passenger car, coach, carriage",c6e0d2ab3bbf4a3e
33,"tailed frog, bell toad, ribbed toad, tailed toad, Ascaphus trui",4cccb215bd60b3c3
769,rugby ball,9a49001b63903f72
473,canoe,1cbae41091a750dc
629,"liner, ocean liner",de40907c1e2c5515
922,"book jacket, dust cover, dust jacket, dust wrapper",446f75fdea0e1da0
254,basenji,059da9a174262427
688,"organ, pipe organ",35c344ca0584ba14
735,"police van, police wagon, paddy wagon, patrol wagon, wagon, black Maria",c335ce88293384f2
638,"mailbox, letter box",daa6404780b1af27
144,"oystercatcher, oyster catcher",446b24f903b488fc
752,"racer, race car, racing car",d7ffed8f21024a14
761,"refrigerator, icebox",5efeca6c4c233f01
717,"picket fence, paling",7d599306068f4594
830,"streetcar, tram, tramcar, trolley, trolley car",67a52d9155241752
647,"maze, labyrinth",dc12a25cc85ee9cf
771,running shoe,0d6463e9a7ef6185
40,"common iguana, iguana, Iguana iguana",af543b5f19ed1b1d
345,"hippopotamus, hippo, river horse, Hippopotamus amphibius",a7151de51c2f1d0b
458,"bow tie, bow-tie, bowtie",c5c9d17672ff88ce
852,"television, television system",5bdb8268eadf57d8
641,manhole cover,80177288cda51d95
416,"bakery, bakeshop, bakehouse",5b60477a29c7ef81
788,"shield, buckler",da7e65bc80814f37
98,drake,4aeb33c9e565a201
985,rapeseed,19d43f8204d3183d
108,jellyfish,2b741c5c635a7295
697,paintbrush,398720b8f19d5b84
469,"cab, hack, taxi, taxicab",ab8329c28d8538c3
386,"Indian elephant, Elephas maximus",348618ddbde3a39c
790,shoji,d0029b3675b792ae
893,wall clock,69854b68476d5068
147,"albatross, mollymawk",4bdb561770b52424
629,"liner, ocean liner",a92ab9e5fb9c5d64
889,viaduct,8c6edf1ddfb61102
347,"water buffalo, water ox, Asiatic buffalo, Bubalus bubalis",c135b139d293f7f2
401,"academic gown, academic robe, judge's robe",7d2e9b03ec1b630b
80,centipede,29fe8d653950a631
95,hummingbird,d4c817db6be62b71
440,"bearskin, busby, shako",1e77361718213a43
718,"pickup, pickup truck",6711e27733cfd050
742,"prayer rug, prayer mat",df874264566c58a9
558,"flagpole, flagstaff",67c0339b1dfda5f6
240,Bernese mountain dog,abd121ef53a69ef8
480,car wheel,5021e7da00bf43b2
868,"trailer truck, tractor trailer, trucking rig, rig, articulated lorry, semi",ebdfdcba5dc3b72a
834,"submarine, pigboat, sub, U-boat",68274b8293271807
480,car wheel,a84ead15406596ce
964,"pizza, pizza pie",5d1df4748743d42e
228,kelpie,16ff75228179469c
442,beer glass,6e840c209f5733d5
142,"redshank, Tringa totanus",16bbe588e0ecc6ab
284,Persian cat,46b657df12fd7c26
443,"bell cote, bell cot",bc7dff0960bb3335
98,drake,128fca690a11f68c
880,umbrella,ed9b2813b9245e52
121,fiddler crab,a187afb98f295057
948,mushroom,d2d2b255935f0aae
108,jellyfish,4d008626b4b68665
744,"prison, prison house",10bc8784a5eb8843
635,"lumbermill, sawmill",77ac8bf95825dfcc
818,"sports car, sport car",5c8bcfa0dbb246ab
581,"greenhouse, nursery, glasshouse",afb0233b2e0545c4
641,manhole cover,1bb5f1337dfb1edd
400,abaya,a3c4dd88edacb575
653,military uniform,64ed3f0e8a2dc320
161,"Afghan hound, Afghan",d25df1a8259d3fdf
518,crane,184a160b32ff4c72
885,vault,4f722cab5573a5fb
960,carbonara,1b546695167d3f6e
558,"flagpole, flagstaff",6a940d1bf69f1d10
950,strawberry,f4902a569fa12171
918,comic book,54a6b2cd7f89220e
934,cheeseburger,7b71925e989ee1d8
781,schooner,eae13c52554a7783
4,"tiger shark, Galeocerdo cuvieri",b1e69e9c3d740f4c
831,stretcher,493e327b171ab0c3
866,toyshop,2efe4916e679e875
534,"dishrag, dishcloth",588bd41c9aa5a81b
932,"bagel, beigel",49b1adfeb8ffcabd
882,"upright, upright piano",225e06c2dfa68a62
878,turnstile,d7d5b34ea0a0ffcf
327,"lycaenid, lycaenid butterfly",0212aa8aa912ee45
490,chainlink fence,d7de327bbf412965
311,"ant, emmet, pismire",2200794c59b1808e
537,"dock, dockage, docking facility",83896b9fb7e9c2f8
305,"leaf beetle, chrysomelid",f9f36f7774d73820
607,"iron, smoothing iron",796e23f8dbf9a7a2
655,minibus,dad40e355e4e8e96
108,jellyfish,064e1cc405062c85
702,"parachute, chute",1484479b7630af0a
815,speedboat,18d5f99fe237a306
431,basketball,d0c6c29954f0380b
487,"cello, violoncello",c777da68bec01dcd
866,toyshop,5cd8864b6e35df82
336,"fox squirrel, eastern fox squirrel, Sciurus niger",444109f3ccfacc7b
777,"sax, saxophone",b722c809657aecee
738,"pop bottle, soda bottle",a193f7ae7d550a82
676,moving van,97025d82ec9860dc
972,bubble,23f39187c0d00e30
874,triumphal arch,515c6586db87bbd8
851,"teddy, teddy bear",42e9b41ce96dbf0a
471,"candle, taper, wax light",126175abfdcb1a21
960,carbonara,4b0c9bf2584b35d3
778,scabbard,19b5bea9a7608a92
870,trench coat,1a94dc47fdd84a95
963,"meat loaf, meatloaf",c35cd0d5673ec1db
914,wreck,b239b5b3e1642f3b
311,"ant, emmet, pismire",e22a1c8dab22f256
629,"liner, ocean liner",d959fd91192d5717
960,carbonara,692016122b9e07a6
833,"stupa, tope",8749fd2540a0cb01
666,moped,8e9e976fc98e3cfa
815,speedboat,d7c8008bf74f2324
534,"dishrag, dishcloth",330b9cb3cd80c88b
51,"American alligator, Alligator mississipiensis",1ef172b89f4a39cf
704,park bench,b02b553998809e17
629,"liner, ocean liner",74b2e35cda75fe27
977,"promontory, headland, head, foreland",f5a2cf5c66d313fa
412,apron,5ceb9f2e8405b0de
50,"African crocodile, Nile crocodile, Crocodylus niloticus",114c98c078c5aab0
321,damselfly,d741b583a123562b
498,"church, church building",324278ff7f22b4eb
34,"loggerhead, loggerhead turtle, Caretta caretta",1f4227ce24232867
625,library,5973419efd52f783
982,"ballplayer, baseball player",fdedd06cdf58084e
875,"trolleybus, trolley coach, trackless trolley",911aebf30626ce02
473,canoe,55599050147071cc
964,"pizza, pizza pie",eee6f4bcc8468f77
408,ambulance,7f3c20f487834846
304,"long-horned beetle, longicorn, longicorn beetle",8c8bc30a62a1ee23
655,minibus,7e0fb7f80ffa514b
905,window screen,c02ff39fe5832f4b
325,cabbage butterfly,891fe6baf8896b77
631,Loafer,e96d52f9fbe3ca0b
458,"bow tie, bow-tie, bowtie",29279d12ed3e29ff
693,packet,ac295a63ac9d2cd7
518,crane,5d23b04cc45bc37b
477,"carousel, carrousel, merry-go-round, roundabout, whirligig",11c53fe6feb856c6
763,"restaurant, eating house, eating place, eatery",cbcb7444cc827812
921,"traffic light, traffic signal, stoplight",fe1314dd6f75551d
829,strainer,a8fca010774a1187
23,"bald eagle, American eagle, Haliaeetus leucocephalus",5ec826683757ffae
867,tractor,b9310b9080c06e4f
58,"garter snake, grass snake",4f9f0b75f5b04524
945,"artichoke, globe artichoke",4abadb721e74b99b
641,manhole cover,a3c651cf20ee2d34
348,bison,5c4eec952ca114a1
558,"flagpole, flagstaff",7f045354f4577c16
946,bell pepper,53211f8a1b131de6
512,convertible,9c0e25e2f72438e8
928,trifle,55512a6c2a45e2e8
592,"handkerchief, hankie, hanky, hankey",869adfbad4e38261
505,coffee mug,adcf48b42266309d
822,steel arch bridge,3b67bec3793efcb4
739,"pot, flowerpot",67a08d685abf7fb6
310,bee,22a313cc9fc2b4f1
324,"monarch, monarch butterfly, milkweed butterfly, Danaus plexippus",0d85e0103989c850
676,moving van,c3cf76709c87255b
875,"trolleybus, trolley coach, trackless trolley",74355a8c878b6814
947,cardoon,6efed50f84ec5e01
563,fountain,d6887e8d19a06139
975,geyser,21fef4d9b3dce49a
571,"gasmask, respirator, gas helmet",0d65cb9d26de4d37
955,banana,3df888fc3b1df464
387,"African elephant, Loxodonta africana",5ab3f1edd2f0cb06
968,espresso,51b390bb124a6d9d
10,"ostrich, Struthio camelus",5bf502c4a4b7d04d
438,"beacon, lighthouse, beacon light, pharos",6ad1230d612d7eb7
821,steam locomotive,76a5715019fe11c7
991,"buckeye, horse chestnut, conker",207fd3b5def218d1
968,espresso,ad43e858c614db4d
752,"racer, race car, racing car",b3ba6f0352a29b2d
653,military uniform,95185508805329aa
982,"ballplayer, baseball player",73ee2cc19ef92e50
145,pelican,be1c43056c5d0085
321,damselfly,84a5f6ee2af29208
321,damselfly,50b9e11ae686ae32
918,comic book,fe2edb6cad72d2d2
138,"American coot, marsh hen, mud hen, water hen, Fulica americana",58420b727fcab02b
318,leafhopper,47b087263b33728b
539,dome,0e0299d6352a3fb8
763,"restaurant, eating house, eating place, eatery",2ee4c1b2b9bcc6c8
874,triumphal arch,24312de5c34473c0
348,bison,bb748281da5e8681
982,"ballplayer, baseball player",b648e8dfcb4fbc99
556,"fire engine, fire truck",d2cc2eabfc7bf54a
777,"sax, saxophone",da4b3e38b069d735
845,"switch, electric switch, electrical switch",b0bb1ea9bcc45800
598,holster,ac668c13ccfd4b79
473,canoe,b6c6a5b7829fbc9b
10,"ostrich, Struthio camelus",014f0024918a7b6f
617,knot,93114736f072d6d3
975,geyser,c9ddfb1043177de8
719,pier,7e4c41563370bed1
806,soccer ball,328d99215b19c8c7
650,"megalith, megalithic structure",2a1a60df9a58bb7c
480,car wheel,263c7bcd59502625
708,"pay-phone, pay-station",d05076189b7fd185
744,"prison, prison house",fe193683db61ac2d
655,minibus,d8b0101e2459882a
909,wing,3841b33c9797cbf1
115,slug,232c22314e21f764
316,"mantis, mantid",30b62313af2b5d74
657,minivan,2c54b60a2851b8ed
348,bison,c96c3eab644075d3
704,park bench,060dfe239abfd547
566,freight car,0bd5123017590e39
833,"stupa, tope",bd3617fcc985fe31
920,street sign,54666421b4a6998f
339,"guinea pig, Cavia cobaya",4e34df87968bd882
653,military uniform,3f48b1e74589d310
818,"sports car, sport car",96e77c20bf94ecb1
719,pier,4edeacef9fb8ec90
884,vase,c9302f3b2b0452e4
484,castle,0af0a5dfee6b84ff
975,geyser,02dbe78a73db2808
604,"horse cart, horse-cart",592c7424f13b2d29
567,"French horn, horn",f5b0ed0fbb3b5f74
960,carbonara,1b1ffd7000d0749f
580,"grand piano, grand",70a2529a6b2c0d46
921,"traffic light, traffic signal, stoplight",bba5c56cc3eb07c9
389,"giant panda, panda, panda bear, coon bear, Ailuropoda melanoleuca",000b7d55b6184b08
760,reflex camera,8a02b6196885c394
923,menu,582663fe666aac9c
477,"carousel, carrousel, merry-go-round, roundabout, whirligig",f6515f31b750a573
859,tile roof,acd99e9b7128395a
581,"greenhouse, nursery, glasshouse",83d35591dfff99ac
821,steam locomotive,3dfbdd066af9ca1e
418,balloon,59204d6bb0c234eb
438,"beacon, lighthouse, beacon light, pharos",d740663eeccdcecd
826,stone wall,9226b783cfb770bd
304,"long-horned beetle, longicorn, longicorn beetle",01dd15caa1b2c7b4
518,crane,b97f4b95ae696316
671,"motor scooter, scooter",c42c88890b5fc86d
519,crash helmet,d158837db31ed892
598,holster,4a1a40a116088962
673,mountain tent,ba4508962af69d90
546,"electric fan, blower",7069a117c92d27a4
479,carton,79fa9855119ffeea
818,"sports car, sport car",82e2334925339ef8
976,"lakeside, lakeshore",4f5464b7d4682441
885,vault,72f96c6dc5df2de8
512,convertible,6609c25b3314b5b3
230,"Old English sheepdog, bobtail",52d8515abbfaa8ac
662,Model T,a7f9b28e30d19d85
309,fly,8b7a5446dae48ac1
620,"lampshade, lamp shade",b2a7e558f1a3ff16
657,minivan,1a95932427129cda
833,"stupa, tope",d4579363596fbf21
669,mosque,f7dd570a0cfe1dcc
511,"container ship, containership, container vessel",2d23b1dab7e3e9c0
519,crash helmet,b7d9e1d8cf1d7912
638,"mailbox, letter box",6b27728f0f816dc6
706,"passenger car, coach, carriage",c96358fe7b8eaf28
975,geyser,9b4cab2ffb0c0754
979,"seashore, coast, seacoast, sea-coast",1685d066f8070081
563,fountain,e071bf346787d971
301,tiger beetle,e66d732354c6baf0
924,plate,33adbc27fdcadd65
564,fountain pen,eb53098ebcf05e64
499,"cinema, movie theater, movie theatre, movie house, picture palace",8c609b06a60af060
763,"restaurant, eating house, eating place, eatery",c66310d8b709d6d5
572,"gas pump, gasoline pump, petrol pump, island dispenser",740981d161a38bad
662,Model T,4c8a4414419ab0bb
561,football helmet,ecaf98c8ce9f04c3
734,pole,093402dc35f59027
143,dowitcher,8bb7d10e97694eb5
888,vestment,820ae900a943d605
923,menu,8859efd46fab37ff
981,volcano,dde9f0aadcb02874
876,trombone,13810fcac72f12ba
875,"trolleybus, trolley coach, trackless trolley",b1bf532ce2c4c3a1
912,"wool, woolen, woollen",9aba31a4b2404aa5
570,"garbage truck, dustcart",5b85f98e0105d135
320,"dragonfly, darning needle, devil's darning needle, sewing needle, snake feeder, snake doctor, mosquito hawk, skeeter hawk",53c478ffc8ddb967
664,monastery,92c3f5e99d8ac862
529,"dial telephone, dial phone",fae45093bad0961a
816,"spider web, spider's web",0db0952967f6faa6
403,acoustic guitar,9594ef7e0fc79ea8
539,dome,634d7f18d098cccb
854,"thatch, thatched roof",05cac1419419ce29
718,"pickup, pickup truck",868af4a2e614f5ac
888,vestment,6898f889c17f8e16
822,steel arch bridge,8e3324c208eb9a3b
965,potpie,7d7a8e41b8d0577e
683,obelisk,5ff168f7d006f69c
909,wing,f348adf7ea1967f7
918,comic book,40f79488e3c2d6c4
469,"cab, hack, taxi, taxicab",3e9496f7652e1968
481,"cash machine, cash dispenser, automated teller machine, automatic teller machine, automated teller, automatic teller, ATM",2f7d5ff922af55c4
766,"rocking chair, rocker",79a5625805a08253
764,"revolver, six-gun, six-shooter",412311ea17528b7c
327,"lycaenid, lycaenid butterfly",00312c7e7196baf4
977,"promontory, headland, head, foreland",51d1c77f80467b59
830,"streetcar, tram, tramcar, trolley, trolley car",82179b1d313e0e23
484,castle,b0e0e06e647b478f
113,conch,c609f86fa706bb9e
911,wooden spoon,55a2e48a87c16998
52,triceratops,7d833ac8ab852bd2
963,"meat loaf, meatloaf",fe92a88132b5d67b
984,scuba diver,6ab876a15af539c4
821,steam locomotive,4fff343244f212cc
620,"lampshade, lamp shade",22a9c318b6e36853
913,"worm fence, snake fence, snake-rail fence, Virginia fence",71d368782c72e313
666,moped,65b8c8b065069802
985,rapeseed,b0619a61cf135f5e
320,"dragonfly, darning needle, devil's darning needle, sewing needle, snake feeder, snake doctor, mosquito hawk, skeeter hawk",93394c1f9c4c0053
310,bee,aa90f93ed6fae139
469,"cab, hack, taxi, taxicab",aa07ba1587ec047e
709,"pedestal, plinth, footstall",5d8085ae68e07d72
475,cardigan,749ed3502293d019
964,"pizza, pizza pie",791c3d333052ca64
867,tractor,90e9a43bfb6a68b7
875,"trolleybus, trolley coach, trackless trolley",72e6ba0cc7fb30a6
898,"washer, automatic washer, washing machine",8c5b5bc0f39e2e06
981,volcano,cc43200264a62126
459,"brass, memorial tablet, plaque",be95f5be87f6fadd
994,gyromitra,7b6e963025eaeb66
305,"leaf beetle, chrysomelid",7f842d0c1e747334
980,"valley, vale",ed3cb7f5154ae02d
596,"harvester, reaper",6ecbd7d19f5b9147
792,shopping cart,d016b3204e7ca96e
971,alp,8400742ba78ac009
459,"brass, memorial tablet, plaque",121c87c3c822e2c5
975,geyser,76886996d4ab4614
100,goose,9d5ef11ec55123e5
582,"grille, radiator grille",1dfbeffd999f280e
547,electric guitar,e3f5dbed7bd31314
669,mosque,eb8ce5ba5c47e344
918,comic book,f5dffe28fc19b6e7
337,marmot,1ebff1b3c8de66de
108,jellyfish,0546b47c13f154d3
638,"mailbox, letter box",f52db15134c1a74e
441,beer bottle,8094d4088a08cf09
40,"common iguana, iguana, Iguana iguana",d9f624188d16fe93
13,"house finch, linnet, Carpodacus mexicanus",631b6820e91a9e3e
310,bee,611f453c4bb616b9
988,corn,5792d4a42d2a82c8
319,"lacewing, lacewing fly",c0e0c11350b8740e
909,wing,c663670c06c06ea4
309,fly,49591319edeb6b3a
625,library,02eb799d147d5f91
349,"ram, tup",f2d36d089779166a
662,Model T,cc8d850717026796
657,minivan,ab3fef142d031784
437,"beach wagon, station wagon, wagon, estate car, beach waggon, station waggon, waggon",c84cbc2c05227bee
260,Pomeranian,9d55997552acf0de
581,"greenhouse, nursery, glasshouse",8da3593258ae27cb
650,"megalith, megalithic structure",fccab516c111d524
347,"water buffalo, water ox, Asiatic buffalo, Bubalus bubalis",315e55af9615abd2
348,bison,c135337ca7a575ae
706,"passenger car, coach, carriage",3bfe9ff7b488485d
539,dome,1e33aa336b89dcff
676,moving van,39a483e9a23716ed
971,alp,5191cfba868056a5
437,"beach wagon, station wagon, wagon, estate car, beach waggon, station waggon, waggon",4572c8986c28343b
937,head cabbage,7700d0ba053dc4bd
611,"jersey, T-shirt, tee shirt",eab9755117160864
526,"dam, dike, dyke",8b47d72b39b2bd33
735,"police van, police wagon, paddy wagon, patrol wagon, wagon, black Maria",7d2a7bca22967f29
657,minivan,8e89734ed940e222
610,"jeep, landrover",30b922dbfdbffd11
982,"ballplayer, baseball player",ef0e34b8ccb6d42f
821,steam locomotive,506b87b78daa499c
971,alp,62e0e0efc6deeef4
308,weevil,28652355cd12a1e7
763,"restaurant, eating house, eating place, eatery",0ed355357757528d
566,freight car,abe9504895f6e8dd
118,"chambered nautilus, pearly nautilus, nautilus",dd984311bff04342
418,balloon,f7947af6545be760
91,lorikeet,01244097ca8ffdfa
862,toilet seat,3cf4bb0637d0f182
499,"cinema, movie theater, movie theatre, movie house, picture palace",1d5361e858fe8462
563,fountain,6a50fbe8723a6a4a
577,gondola,001b5e6f1b89fd3b
437,"beach wagon, station wagon, wagon, estate car, beach waggon, station waggon, waggon",25eef91443ded954
818,"sports car, sport car",ed3f9b6a081a4802
826,stone wall,95fbd20d0aaf319a
786,"seat belt, seatbelt",2bc6c55a0ab24f86
826,stone wall,319e8b63d6a194aa
771,running shoe,4fcc9c949d66a4e0
556,"fire engine, fire truck",5c847b72d1e1713f
947,cardoon,707bce947d54bcd8
133,"American egret, great white heron, Egretta albus",43fa89c17e628c06
309,fly,6612fd36e6dd9534
51,"American alligator, Alligator mississipiensis",4146a745f9b2f3cb
672,"mountain bike, all-terrain bike, off-roader",74bfc95412b2f824
979,"seashore, coast, seacoast, sea-coast",5fc906f27c8975d2
874,triumphal arch,2fc17ec1fad5d947
635,"lumbermill, sawmill",cb63df64516985c1
548,electric locomotive,7b8413ef241118df
858,throne,2e854fca826e54b3
650,"megalith, megalithic structure",f0add7f552d2d895
662,Model T,9d4674c86096e4bd
810,soup bowl,05437214d1ba9580
449,birdhouse,dacb07f80166a7fd
563,fountain,82b6f0bc71f5d0af
753,"racket, racquet",0f36316247c03427
498,"church, church building",efeabdd8a05e91f8
595,harp,7453471febf1db6f
132,"little blue heron, Egretta caerulea",e6f2de0c605f1ed3
548,electric locomotive,648231d9393250fd
581,"greenhouse, nursery, glasshouse",864fffaf7a83b3f4
672,"mountain bike, all-terrain bike, off-roader",c179282bd977c6e0
493,chest,40a7f086461190f3
918,comic book,90e1aa56cae80a60
14,"junco, snowbird",839aa3d166b020cf
133,"American egret, great white heron, Egretta albus",38bdd950c1d08be6
866,toyshop,2d95297e468bdf9b
540,"doormat, welcome mat",ef5b1e5a76ae66dc
689,"oscilloscope, scope, cathode-ray oscilloscope, CRO",7a11ae4c1f5e790c
542,"drum, membranophone, tympan",477bf90e7413df23
522,Crock Pot,7060ae82e5b96a77
974,coral reef,42e55ac6782d4d99
322,admiral,8868879c2acd5d9e
750,"quill, quill pen",5b3a8c63e41802e7
778,scabbard,659ca4ac6cc57e89
647,"maze, labyrinth",9534108b0e8dceb1
459,"brass, memorial tablet, plaque",fbc6b98b13c768e2
708,"pay-phone, pay-station",7c3b0d93654b39cd
979,"seashore, coast, seacoast, sea-coast",43694caa12d5f823
310,bee,69788a29e7436808
822,steel arch bridge,daa43d65c3b18a84
739,"pot, flowerpot",a8c3363bbcc7015c
548,electric locomotive,93a0857ff81c25ce
702,"parachute, chute",b11fa0f292c0178f
566,freight car,1dc0533f87996962
699,palace,589319c64adf5fce
71,"harvestman, daddy longlegs, Phalangium opilio",cebd45d7200f6111
133,"American egret, great white heron, Egretta albus",7e73c7adc520e406
105,"wallaby, brush kangaroo",6de6432b0f23ae75
738,"pop bottle, soda bottle",ebb4dad78cfd67a9
973,"cliff, drop, drop-off",e8c6f75ad26bae84
769,rugby ball,1e408a8d1e2cdc74
826,stone wall,11afa51200515f9a
920,street sign,9f6fe669276f04cf
133,"American egret, great white heron, Egretta albus",408bae58c26a8076
934,cheeseburger,b5548ecffa20aac8
498,"church, church building",9ee13ecd8d6727c0
822,steel arch bridge,d1a723656dc08b5e
297,"ice bear, polar bear, Ursus Maritimus, Thalarctos maritimus",d1709eec353a6f93
889,viaduct,b89dbfcc49dcf156
965,potpie,7368fe0ff47343a0
329,sea urchin,d23fd2119c4f5dec
328,"starfish, sea star",5a0e21d54b9c4954
866,toyshop,4b8517e927f32962
980,"valley, vale",38deb4830d12358f
437,"beach wagon, station wagon, wagon, estate car, beach waggon, station waggon, waggon",81804435ad51df95
709,"pedestal, plinth, footstall",e4941a341ace171a
422,"bannister, banister, balustrade, balusters, handrail",558a7b66b78ba65b
2,"goldfish, Carassius auratus",435137d9d4f4125e
14,"junco, snowbird",c43077b2283479be
428,"barrel, cask",77c72d0a01e1af70
718,"pickup, pickup truck",72ac2a5af79e26d5
327,"lycaenid, lycaenid butterfly",32c0e4647ce5a812
657,minivan,54153d17b11b495c
848,"tank, army tank, armored combat vehicle, armoured combat vehicle",fb1efda0b27d5289
820,stage,7c5ea6f89e6e2733
909,wing,721804d1d3a60206
556,"fire engine, fire truck",dcb6b32cd80f2b1f
490,chainlink fence,49c27b439d39a00c
934,cheeseburger,2c065d2dc6b2cf44
976,"lakeside, lakeshore",b3f200c672c5ca4f
515,cowboy boot,3f40eba168e5d385
878,turnstile,0e71473957df4793
629,"liner, ocean liner",6c9f8901246faff2
131,flamingo,a64ae1acd9d09a87
973,"cliff, drop, drop-off",05f7c084329ff0c6
904,wig,5d77597361d06d2b
896,"warplane, military plane",ac2a8a4777dbe746
151,sea lion,3d75d9676ad6361c
820,stage,e3a740861f12f49e
606,iPod,64577d3916d6dafb
742,"prayer rug, prayer mat",3b32eca218ed3dbe
606,iPod,0707f3dfb7c29f5c
518,crane,59e9bdbb7a3fc4ba
459,"brass, memorial tablet, plaque",686ea4ec999364ff
320,"dragonfly, darning needle, devil's darning needle, sewing needle, snake feeder, snake doctor, mosquito hawk, skeeter hawk",cb71a056a8e05bb2
716,pickelhaube,f63d58b5af16091f
431,basketball,d3aa8ee50458c020
471,"candle, taper, wax light",2891f4aa2279d369
752,"racer, race car, racing car",ae24c23192976a40
916,yurt,348ac56def3ccd35
896,"warplane, military plane",d46216d31908163e
806,soccer ball,a8dd9ba15f7b817b
604,"horse cart, horse-cart",5224fec9ba33b50d
631,Loafer,b3c384a2d1a391c0
920,street sign,4a1a488e8a975f7c
404,"aircraft carrier, carrier, flattop, attack aircraft carrier",d7c1d1632cf0acc7
556,"fire engine, fire truck",ca50e3535eb6396c
912,"wool, woolen, woollen",30e132285c2e960f
404,"aircraft carrier, carrier, flattop, attack aircraft carrier",ea65c0ff71e7ceb3
442,beer glass,200285e90078210b
898,"washer, automatic washer, washing machine",cec46dbd1fa3473a
311,"ant, emmet, pismire",6314b953a2f66e36
304,"long-horned beetle, longicorn, longicorn beetle",1f3f949ccbc81c93
426,barn,04546cc5e537d7cd
719,pier,73064ceb466612d5
913,"worm fence, snake fence, snake-rail fence, Virginia fence",ae78688b32986638
471,"candle, taper, wax light",72d85232abd98067
604,"horse cart, horse-cart",89d8361c6bfe905c
996,earthstar,4ca02fd28a5e9703
755,"radio, wireless",48762c2cd2ed47e1
512,convertible,b217644382dcd864
738,"pop bottle, soda bottle",c4824f023903731a
885,vault,629138193e021cdf
976,"lakeside, lakeshore",7d4186ce0332245d
986,daisy,90dfd75887f3e67b
782,scoreboard,ed56c7616a8ac010
896,"warplane, military plane",5d6b9cadb6f9e1cd
101,"black swan, Cygnus atratus",a033832d9ff8913b
498,"church, church building",313ff0037b86260a
990,"hip, rose hip, rosehip",afe045d68f1a60d0
673,mountain tent,b19e2df06dbcccd9
631,Loafer,510e5062fef4a993
669,mosque,943274babd06a662
822,steel arch bridge,0e83f990a04ed67d
865,"tow truck, tow car, wrecker",607702d7ef44d081
336,"fox squirrel, eastern fox squirrel, Sciurus niger",e9811aebe8bed6e5
780,school bus,380053c506e32105
3,"great white shark, white shark, man-eater, man-eating shark, Carcharodon carcharias",668bc83a884d24f9
718,"pickup, pickup truck",be9a3bea2989a0b4
407,altar,b74c05ecff5f99d8
548,electric locomotive,7a51c260ca0e83e7
459,"brass, memorial tablet, plaque",e89d48768917f563
760,reflex camera,080bec22a6b1d37d
752,"racer, race car, racing car",e37b556e8889d2ec
818,"sports car, sport car",67dd47336dc89421
854,"thatch, thatched roof",25f85aadcf248cc1
469,"cab, hack, taxi, taxicab",c3e9a84e039df3ce
982,"ballplayer, baseball player",0134ba03294509a1
536,"disk brake, disc brake",53fe22426ff21243
392,"coho, cohoe, coho salmon, blue jack, silver salmon, Oncorhynchus kisutch",4053a6a3d0e63c01
332,hare,3ece3c1f94e4141a
683,obelisk,7d253f78ef6f029a
820,stage,fecd59b8de8ae6f7
708,"pay-phone, pay-station",24159caf9c5e92be
322,admiral,44982b98ba192bb7
780,school bus,7ca714cdcd5d36d9
561,football helmet,cbaff3255afbe83f
672,"mountain bike, all-terrain bike, off-roader",fafbad0b3093a886
356,llama,45315ea51da415ab
820,stage,1e4bb9fd37654da6
773,safety pin,5f3ea3c6b683fb57
923,menu,ccbcaf10176e78e0
407,altar,8d17aa69b4fd7b45
404,"aircraft carrier, carrier, flattop, attack aircraft carrier",c25da85d5d62b000
815,speedboat,beb3e55c385feb12
848,"tank, army tank, armored combat vehicle, armoured combat vehicle",ed3573d0c197fbaf
891,volleyball,95d1a6be6786190f
875,"trolleybus, trolley coach, trackless trolley",c8abefc975e94b10
95,hummingbird,be97d1e63c32043e
519,crash helmet,df2cd1b82d5dec14
580,"grand piano, grand",024f73e53c3c1f1d
820,stage,e957c417fcd20c5b
826,stone wall,795f5aef9bef8134
114,snail,422d08407aeed1be
476,car mirror,69a39406cb1d2ce5
558,"flagpole, flagstaff",564de663adeb8cd5
653,military uniform,04c1bde5affb7b5b
704,park bench,90f5385a77a49f77
939,cauliflower,604b54a3b7424d9b
536,"disk brake, disc brake",a6535c039bfeba2c
980,"valley, vale",35d67f3f70aeef92
737,"pool table, billiard table, snooker table",3efa3df701898afd
699,palace,f08f34c258228251
986,daisy,d47c9aabecda0e12
979,"seashore, coast, seacoast, sea-coast",d97c1f3f1c211d1a
973,"cliff, drop, drop-off",62949c357e429690
821,steam locomotive,9311a098cfb4b946
422,"bannister, banister, balustrade, balusters, handrail",38d8d105d5e70c80
405,airliner,a28beac14b9037da
771,running shoe,fa3aae44c2675e88
880,umbrella,44aa69f642b86628
158,papillon,6cc289dc7a8fce86
760,reflex camera,a92babc0a6436d3b
763,"restaurant, eating house, eating place, eatery",9fbeb797de1e1639
95,hummingbird,16179baa1513c701
519,crash helmet,5a8d5bc9bf40e832
896,"warplane, military plane",aa4e1cf9cb6e7801
309,fly,200735f93ea764f2
265,"Cardigan, Cardigan Welsh corgi",5d53f9bc389e98ad
991,"buckeye, horse chestnut, conker",5b974695c09ad165
986,daisy,becf3b004177ded6
840,suspension bridge,4f04ca75d7aafc0a
484,castle,8764eecf6e898c7f
404,"aircraft carrier, carrier, flattop, attack aircraft carrier",c5f5e09f4f5fd41a
859,tile roof,17f3b8a057bc01be
888,vestment,c10f6e0689efbc1c
367,"gorilla, Gorilla gorilla",0e9bdc3ab80b1a71
669,mosque,c17d39b1eba4cc03
120,"rock crab, Cancer irroratus",ec346009f286ffca
451,"bobsled, bobsleigh, bob",01fa4be27dd11b5d
405,airliner,490df9e021386d29
484,castle,08fbf75e60a6efb7
881,"unicycle, monocycle",fc583c08026e3d74
407,altar,db6c6671a6924eba
320,"dragonfly, darning needle, devil's darning needle, sewing needle, snake feeder, snake doctor, mosquito hawk, skeeter hawk",5a6439b10c1f6761
699,palace,218e02b6cfa0466e
973,"cliff, drop, drop-off",3f8bf287f20333eb
780,school bus,be5543dc68f0b970
699,palace,87fcc5f70673d3d2
934,cheeseburger,99f175132cd1c6e2
976,"lakeside, lakeshore",a4f718e554dd18dd
920,street sign,46a489dcff5471a4
896,"warplane, military plane",38c6124f40b8d845
981,volcano,6740e1e89b5bbab4
884,vase,54ff02d9dfbf8540
522,Crock Pot,2c9398f44d099e0f
980,"valley, vale",6896a8b78f404dc8
986,daisy,d2d6ae6e0b8a0c31
977,"promontory, headland, head, foreland",fccfc3563cd562e1
977,"promontory, headland, head, foreland",d3a88c50958b1b5f
114,snail,513b3032ed1f388c
699,palace,6217866896fbe2b7
342,"hog, pig, grunter, squealer, Sus scrofa",21554e755b9706d2
780,school bus,87a2147620d5e1cb
490,chainlink fence,b86d604067f50613
318,leafhopper,af3736cca01a2d28
405,airliner,5adb3d985cf217a9
473,canoe,60566d5680497389
422,"bannister, banister, balustrade, balusters, handrail",1cfa5381359bff9f
662,Model T,cd40b0e46c9da574
609,"jean, blue jean, denim",e9ecdf28dc1d5a85
341,zebra,821aae58dc96b4b2
481,"cash machine, cash dispenser, automated teller machine, automatic teller machine, automated teller, automatic teller, ATM",715335d5ddfca1f2
650,"megalith, megalithic structure",1be47d60e0156bbb
76,"black widow, Latrodectus mactans",8724748782cb6c31
971,alp,2ba52bcf59097dc8
519,crash helmet,2ed718f6db9785f8
800,sliding door,4a251fb6d80b5137
885,vault,3617bfc5d06bc196
422,"bannister, banister, balustrade, balusters, handrail",143c74a57326fd40
669,mosque,d051e0bd46125123
438,"beacon, lighthouse, beacon light, pharos",84af93c72781b7f0
976,"lakeside, lakeshore",a52570066ecc61fd
631,Loafer,3e8bf1eee7083f6e
561,football helmet,f6d5c95ce7908a58
979,"seashore, coast, seacoast, sea-coast",bfb2aaf48d7fc08c
74,"barn spider, Araneus cavaticus",5528f7330399485f
539,dome,635ea505879178ed
480,car wheel,a8631b077e74f7aa
672,"mountain bike, all-terrain bike, off-roader",bb03be3702584eeb
980,"valley, vale",8090736c8299ab28
775,sandal,74b13710bcf4f7f3
285,"Siamese cat, Siamese",ecd3a969dd466349
443,"bell cote, bell cot",2abcab3d77d4767e
650,"megalith, megalithic structure",8c975de17f3247d1
38,"box turtle, box tortoise",8d86fae18afef4e0
885,vault,619a9d0eb2acdd82
443,"bell cote, bell cot",9ab953cce5c7f879
58,"garter snake, grass snake",1c2e9fe8b0b2fdf2
830,"streetcar, tram, tramcar, trolley, trolley car",a414ccf5c51454e0
913,"worm fence, snake fence, snake-rail fence, Virginia fence",26aa2e6ee43387e7
704,park bench,3302a8c24caf20f4
437,"beach wagon, station wagon, wagon, estate car, beach waggon, station waggon, waggon",dd722682a9f2b9dd
929,"ice cream, icecream",6afe58efa85756dc
484,castle,0ceee9a38409e30c
405,airliner,1df5e1adad21d618
548,electric locomotive,57e62606f02d0251
498,"church, church building",d0fe8afb55c3c7cd
931,French loaf,91d18b353d5b3be2
920,street sign,21b0803c965f76ef
386,"Indian elephant, Elephas maximus",f20783fc38473514
512,convertible,3d6e530955c60759
909,wing,7e5c847bafc4d50c
561,football helmet,0aebe24fc257286e
780,school bus,3c970c84b598f2d9
986,daisy,c6166621198a3de4
581,"greenhouse, nursery, glasshouse",134bfd93a04b88b2
971,alp,4227a6e105cc0588
848,"tank, army tank, armored combat vehicle, armoured combat vehicle",405dd60729a8c18d
973,"cliff, drop, drop-off",0d29832e5da60f5f
647,"maze, labyrinth",90ab38bb74020d5a
964,"pizza, pizza pie",068c5d66662a837a
672,"mountain bike, all-terrain bike, off-roader",e5f15610a22098bb
719,pier,4cd90a6459ce9571
407,altar,4a0bac33f8e81e60
574,go-kart,cc283b8f7f46fbf0
11,"brambling, Fringilla montifringilla",70b9b8ae11327472
142,"redshank, Tringa totanus",5dd8e133e66ecd3a
527,desk,4dc360d125c9238c
704,park bench,8805b0b20d808c49
469,"cab, hack, taxi, taxicab",15d27dbdc9eeda7f
563,fountain,448a738f6dcba07e
887,vending machine,e5948d6294eb8ca3
